{
    "experiment_name": "Exp2_Wo_Decoupling",
    "num_repeats": 5,
    "seeds": [
        42,
        3407,
        1234,
        2024,
        999
    ],
    "mean_srcc": 0.9736936936936937,
    "std_srcc": 0.001851851299727703,
    "mean_plcc": 0.9734393785850457,
    "std_plcc": 0.0036238079512520816,
    "all_run_srccs": [
        0.972972972972973,
        0.9745173745173745,
        0.9714285714285714,
        0.976833976833977,
        0.9727155727155729
    ]
}