{
    "experiment_name": "Exp0_Full_Model",
    "num_repeats": 5,
    "seeds": [
        42,
        3407,
        1234,
        2024,
        999
    ],
    "mean_srcc": 0.9602574002574003,
    "std_srcc": 0.005951681756562259,
    "mean_plcc": 0.9600308546651911,
    "std_plcc": 0.004255332050743408,
    "all_run_srccs": [
        0.9616473616473618,
        0.9634491634491634,
        0.9562419562419564,
        0.9685971685971686,
        0.9513513513513513
    ]
}