{
    "Architecture+mipnerf+baseline+path1": 40.02777777777778,
    "Architecture+nerfacto+clip_1.5+path2": 82.19444444444444,
    "Architecture+nerf+baseline+path2": 32.0,
    "Architecture+instant-ngp+gamma_1.6+path2": 34.361111111111114,
    "Architecture+tensorf+baseline+path2": 28.8888888888889,
    "Architecture+instant-ngp+baseline+path2": 44.833333333333336,
    "Architecture+instant-ngp+clip_1.5+path2": 41.97222222222222,
    "Architecture+instant-ngp+clip_2.5+path2": 29.194444444444443,
    "Architecture+instant-ngp+gamma_0.6+path2": 29.083333333333332,
    "Architecture+nerfacto+clip_2.5+path2": 64.27777777777777,
    "Architecture+nerfacto+gamma_0.6+path2": 84.11111111111111,
    "Architecture+nerfacto+clip_0.7+path2": 82.0,
    "Architecture+nerfacto+clip_0.4+path2": 66.08333333333333,
    "Architecture+tensorf+clip_0.7+path2": 26.75,
    "Architecture+tensorf+clip_0.4+path2": 17.11111111111111,
    "Architecture+mipnerf+baseline+path2": 21.72222222222222,
    "Architecture+nerf+baseline+path1": 30.416666666666668,
    "Architecture+tensorf+baseline+path1": 29.5555555555556,
    "Architecture+tensorf+clip_2.5+path2": 15.305555555555555,
    "Architecture+instant-ngp+baseline+path1": 50.361111111111114,
    "Architecture+nerfacto+baseline+path2": 87.66666666666667,
    "Architecture+tensorf+gamma_1.6+path2": 39.361111111111114,
    "Architecture+nerfacto+gamma_1.6+path2": 86.36111111111111,
    "Architecture+tensorf+clip_1.5+path2": 26.52777777777778,
    "Architecture+nerfacto+baseline+path1": 97.02777777777777,
    "Architecture+tensorf+gamma_0.6+path2": 16.666666666666668,
    "Architecture+instant-ngp+clip_0.7+path2": 26.583333333333332,
    "Architecture+instant-ngp+clip_0.4+path2": 23.944444444444443,
    "Center_Garden+instant-ngp+baseline+path1": 43.69444444444444,
    "Center_Garden+mipnerf+baseline+path2": 32.2222222222222,
    "Center_Garden+nerfacto+baseline+path1": 84.27777777777777,
    "Center_Garden+nerf+baseline+path2": 31.97222222222222,
    "Center_Garden+nerfacto+baseline+path2": 82.0,
    "Center_Garden+tensorf+baseline+path2": 39.138888888888886,
    "Center_Garden+mipnerf+baseline+path1": 27.25,
    "Center_Garden+nerf+baseline+path1": 25.75,
    "Center_Garden+instant-ngp+baseline+path2": 42.611111111111114,
    "Center_Garden+tensorf+baseline+path1": 43.55555555555556,
    "LiZhaoJi_Building+tensorf+gamma_0.6+path1": 26.083333333333332,
    "LiZhaoJi_Building+instant-ngp+baseline+path2": 59.80555555555556,
    "LiZhaoJi_Building+mipnerf+baseline+path2": 26.11111111111111,
    "LiZhaoJi_Building+nerfacto+gamma_0.6+path1": 80.33333333333333,
    "LiZhaoJi_Building+tensorf+clip_2.5+path1": 22.63888888888889,
    "LiZhaoJi_Building+nerfacto+clip_1.5+path1": 86.94444444444444,
    "LiZhaoJi_Building+instant-ngp+clip_0.4+path1": 14.472222222222221,
    "LiZhaoJi_Building+instant-ngp+baseline+path1": 64.13888888888889,
    "LiZhaoJi_Building+tensorf+baseline+path1": 45.6666666666667,
    "LiZhaoJi_Building+nerfacto+clip_0.7+path1": 82.30555555555556,
    "LiZhaoJi_Building+tensorf+clip_0.4+path1": 23.333333333333332,
    "LiZhaoJi_Building+nerf+baseline+path1": 31.13888888888889,
    "LiZhaoJi_Building+instant-ngp+gamma_1.6+path1": 30.86111111111111,
    "LiZhaoJi_Building+tensorf+baseline+path2": 41.1944444444444,
    "LiZhaoJi_Building+nerfacto+clip_2.5+path1": 69.38888888888889,
    "LiZhaoJi_Building+tensorf+clip_0.7+path1": 37.666666666666664,
    "LiZhaoJi_Building+instant-ngp+clip_2.5+path1": 30.97222222222222,
    "LiZhaoJi_Building+tensorf+clip_1.5+path1": 44.44444444444444,
    "LiZhaoJi_Building+nerfacto+baseline+path1": 89.33333333333333,
    "LiZhaoJi_Building+tensorf+gamma_1.6+path1": 52.25,
    "LiZhaoJi_Building+nerfacto+gamma_1.6+path1": 87.75,
    "LiZhaoJi_Building+nerf+baseline+path2": 22.083333333333332,
    "LiZhaoJi_Building+instant-ngp+clip_0.7+path1": 21.444444444444443,
    "LiZhaoJi_Building+instant-ngp+clip_1.5+path1": 37.19444444444444,
    "LiZhaoJi_Building+instant-ngp+gamma_0.6+path1": 27.61111111111111,
    "LiZhaoJi_Building+mipnerf+baseline+path1": 32.55555555555556,
    "LiZhaoJi_Building+nerfacto+baseline+path2": 81.38888888888889,
    "LiZhaoJi_Building+nerfacto+clip_0.4+path1": 73.44444444444444,
    "Sqaure1+nerf+baseline+path2": 26.194444444444443,
    "Sqaure1+tensorf+baseline+path2": 27.1666666666667,
    "Sqaure1+instant-ngp+baseline+path2": 16.52777777777778,
    "Sqaure1+nerf+baseline+path1": 20.305555555555557,
    "Sqaure1+instant-ngp+baseline+path1": 18.97222222222222,
    "Sqaure1+mipnerf+baseline+path1": 23.055555555555557,
    "Sqaure1+tensorf+baseline+path1": 28.6111111111111,
    "Sqaure1+mipnerf+baseline+path2": 29.5,
    "Sqaure1+nerfacto+baseline+path2": 85.41666666666667,
    "Sqaure1+nerfacto+baseline+path1": 85.77777777777777,
    "Sqaure2+nerfacto+baseline+path2": 80.58333333333333,
    "Sqaure2+mipnerf+baseline+path1": 25.083333333333332,
    "Sqaure2+nerf+baseline+path1": 24.97222222222222,
    "Sqaure2+instant-ngp+baseline+path2": 42.44444444444444,
    "Sqaure2+tensorf+baseline+path2": 23.9166666666667,
    "Sqaure2+mipnerf+baseline+path2": 13.13888888888889,
    "Sqaure2+instant-ngp+baseline+path1": 44.583333333333336,
    "Sqaure2+nerfacto+baseline+path1": 96.0,
    "Sqaure2+nerf+baseline+path2": 18.61111111111111,
    "Sqaure2+tensorf+baseline+path1": 25.8611111111111,
    "apartment+nerf+baseline+path1": 42.30555555555556,
    "apartment+nerfacto+baseline+path1": 72.05555555555556,
    "apartment+nerfacto+baseline+path2": 86.13888888888889,
    "apartment+tensorf+baseline+path2": 62.19444444444444,
    "apartment+mipnerf+baseline+path2": 36.0,
    "apartment+mipnerf+baseline+path1": 41.888888888888886,
    "apartment+instant-ngp+baseline+path2": 91.13888888888889,
    "apartment+instant-ngp+baseline+path1": 81.75,
    "apartment+nerf+baseline+path2": 40.25,
    "apartment+tensorf+baseline+path1": 56.02777777777778,
    "office1b+instant-ngp+clip_2.5+path1": 20.77777777777778,
    "office1b+tensorf+baseline+path1": 46.80555555555556,
    "office1b+nerfacto+baseline+path2": 84.25,
    "office1b+tensorf+gamma_1.6+path1": 54.27777777777778,
    "office1b+nerf+baseline+path1": 22.916666666666668,
    "office1b+mipnerf+baseline+path1": 14.666666666666666,
    "office1b+tensorf+clip_0.7+path1": 43.47222222222222,
    "office1b+instant-ngp+baseline+path2": 82.05555555555556,
    "office1b+mipnerf+baseline+path2": 14.5,
    "office1b+instant-ngp+gamma_1.6+path1": 34.861111111111114,
    "office1b+nerfacto+clip_0.7+path1": 82.16666666666667,
    "office1b+instant-ngp+clip_0.4+path1": 69.91666666666667,
    "office1b+tensorf+clip_1.5+path1": 59.97222222222222,
    "office1b+tensorf+baseline+path2": 55.111111111111114,
    "office1b+tensorf+clip_2.5+path1": 39.77777777777778,
    "office1b+tensorf+gamma_0.6+path1": 43.638888888888886,
    "office1b+nerfacto+clip_0.4+path1": 68.86111111111111,
    "office1b+nerf+baseline+path2": 17.63888888888889,
    "office1b+instant-ngp+baseline+path1": 71.30555555555556,
    "office1b+nerfacto+baseline+path1": 83.30555555555556,
    "office1b+instant-ngp+clip_1.5+path1": 54.583333333333336,
    "office1b+nerfacto+clip_1.5+path1": 83.47222222222223,
    "office1b+nerfacto+gamma_1.6+path1": 74.63888888888889,
    "office1b+nerfacto+clip_2.5+path1": 63.77777777777778,
    "office1b+instant-ngp+gamma_0.6+path1": 52.02777777777778,
    "office1b+nerfacto+gamma_0.6+path1": 77.33333333333333,
    "office1b+instant-ngp+clip_0.7+path1": 50.05555555555556,
    "office1b+tensorf+clip_0.4+path1": 28.666666666666668,
    "office_view1+instant-ngp+baseline+path2": 64.25,
    "office_view1+nerf+baseline+path1": 32.611111111111114,
    "office_view1+instant-ngp+baseline+path1": 68.5,
    "office_view1+tensorf+baseline+path2": 32.2222222222222,
    "office_view1+tensorf+baseline+path1": 34.8611111111111,
    "office_view1+nerf+baseline+path2": 38.361111111111114,
    "office_view1+mipnerf+baseline+path2": 45.916666666666664,