{
    "experiment_name": "Exp3_Wo_Multitask",
    "num_repeats": 5,
    "seeds": [
        42,
        3407,
        1234,
        2024,
        999
    ],
    "mean_srcc": 0.9691119691119692,
    "std_srcc": 0.005627596167072191,
    "mean_plcc": 0.9611235209361929,
    "std_plcc": 0.010421319328813586,
    "all_run_srccs": [
        0.9742599742599743,
        0.9765765765765766,
        0.9619047619047619,
        0.9642213642213643,
        0.9685971685971686
    ]
}