{
    "experiment_name": "exp_v1",
    "num_repeats": 5,
    "seeds": [
        42,
        3407,
        1234,
        2024,
        999
    ],
    "mean_srcc": 0.9709652509652511,
    "std_srcc": 0.008515864908829744,
    "mean_plcc": 0.9696816831896132,
    "std_plcc": 0.007944801121383816,
    "all_run_srccs": [
        0.9760617760617762,
        0.9786357786357787,
        0.9660231660231662,
        0.9564993564993566,
        0.9776061776061777
    ]
}