{
    "experiment_name": "Exp1_Wo_SSL",
    "num_repeats": 5,
    "seeds": [
        42,
        3407,
        1234,
        2024,
        999
    ],
    "mean_srcc": 0.9572200772200773,
    "std_srcc": 0.010204743497564011,
    "mean_plcc": 0.9539072092726469,
    "std_plcc": 0.00757455876688086,
    "all_run_srccs": [
        0.9734877734877735,
        0.9418275418275419,
        0.9544401544401545,
        0.9559845559845561,
        0.9603603603603604
    ]
}